SP,SP_est,Delta
208500,221960.21684656176,-13460.216846561758
181500,166150.37255501898,15349.627444981015
223500,227077.05747410847,-3577.057474108471
140000,198371.31275292602,-58371.312752926024
250000,285723.5194728003,-35723.51947280031
143000,223860.27425598976,-80860.27425598976
307000,252766.4675578586,54233.53244214141
200000,248516.04845886678,-48516.048458866775
129900,135116.19521413627,-5216.195214136271
118000,60648.901936606024,57351.098063393976
129500,110041.83390503333,19458.16609496667
345000,347515.5251370665,-2515.525137066492
144000,137738.40784167068,6261.592158329324
279500,255842.08043869684,23657.919561303162
157000,164958.69432767847,-7958.694327678473
132000,127552.63978715058,4447.360212849424
149000,180062.39623912473,-31062.396239124733
90000,125607.2053094561,-35607.2053094561
159000,148847.50403407158,10152.495965928421
139000,101864.6083127688,37135.3916872312
325300,305785.13437715825,19514.865622841753
139400,107177.50245613567,32222.49754386433
230000,244004.60091149277,-14004.600911492773
129900,128001.42263607099,1898.5773639290128
154000,131127.4397643826,22872.56023561739
256300,266861.84944638587,-10561.849446385866
134800,109813.91046513064,24986.08953486936
306000,270136.96002881735,35863.03997118265
207500,178671.8161039603,28828.1838960397
68500,85752.62449719699,-17252.624497196986
40000,103511.63529012848,-63511.635290128484
149350,123579.37472795234,25770.625272047662
179900,194127.2184004141,-14227.218400414102
165500,148521.19993905228,16978.800060947717
277500,270467.6788029532,7032.321197046782
309000,301905.3481076786,7094.651892321417
145000,152816.31363801277,-7816.313638012769
153000,188939.24881371023,-35939.248813710234
109000,109608.1414839021,-608.1414839021018
82000,109477.64171483745,-27477.641714837446
160000,151052.76701108823,8947.232988911768
170000,152557.35873812682,17442.641261873185
144000,111581.62272024021,32418.377279759792
130250,127054.69838168069,3195.3016183193104
141000,127139.30495405554,13860.695045944463
319900,289384.3250040936,30515.67499590642
239686,318161.1973277063,-78475.19732770632
249700,232836.4090960028,16863.59090399719
113000,102743.24032496064,10256.759675039357
127000,105240.1791668658,21759.820833134203
177000,209891.57328035857,-32891.57328035857
114500,108744.55135924475,5755.448640755247
110000,99483.90692924251,10516.093070757488
385000,306685.74434376316,78314.25565623684
130000,121744.11152904731,8255.88847095269
180500,188593.24731110944,-8093.247311109444
172500,201419.70527122435,-28919.705271224346
196500,206875.2229035364,-10375.2229035364
438780,404087.64914717904,34692.350852820964
124900,109483.73305784135,15416.266942158647
158000,136739.59167632833,21260.40832367167
101000,122556.60733462276,-21556.607334622764
202500,212071.57237454996,-9571.572374549956
140000,152078.5283227983,-12078.528322798287
219500,255851.24611541218,-36351.246115412185
317000,293273.308420654,23726.69157934602
180000,249062.84611766387,-69062.84611766387
226000,221351.33315986654,4648.666840133461
80000,70217.7815182421,9782.218481757896
225000,212418.03715918175,12581.962840818247
244000,300709.18744201446,-56709.18744201446
129500,151718.50135762777,-22218.50135762777
185000,218912.51005698097,-33912.51005698097
144900,169473.67983672622,-24573.679836726224
107400,146551.37263413984,-39151.37263413984
91000,99850.09837165204,-8850.098371652042
135750,106646.35989211622,29103.64010788378
127000,143404.82853068007,-16404.828530680068
136500,119839.99737642647,16660.002623573528
110000,125595.53525350193,-15595.535253501934
193500,209989.95544127052,-16489.95544127052
153500,222682.9908300379,-69182.99083003789
245000,245096.53496908862,-96.53496908862144
126500,122482.9086329537,4017.091367046305
168500,174782.94132100898,-6282.941321008984
260000,255908.04025174354,4091.959748256457
174000,194823.9278707434,-20823.927870743413
164500,130987.13953930055,33512.86046069945
85000,99701.45409883487,-14701.454098834874
123600,134245.84221345725,-10645.842213457247
109900,101477.68258266186,8422.317417338141
98600,169517.03560358007,-70917.03560358007
163500,158171.45200422886,5328.547995771136
133900,163662.61916394945,-29762.61916394945
204750,206498.58451051635,-1748.5845105163462
185000,171644.3340901861,13355.665909813892
214000,205337.49992161055,8662.50007838945
94750,145328.2929530511,-50578.2929530511
83000,79304.80658292977,3695.1934170702298
128950,110243.2401367731,18706.759863226893
205000,177838.7743075344,27161.22569246561
178000,189346.4890797988,-11346.489079798805
118964,140089.82150049641,-21125.821500496415
198900,191712.46950572156,7187.530494278442
169500,145448.8846980235,24051.115301976504
250000,293054.3964025535,-43054.39640255348
100000,151191.2053474318,-51191.205347431795
115000,89360.95431612912,25639.045683870878
115000,186966.35929911595,-71966.35929911595
190000,220717.37920846287,-30717.379208462866
136900,128728.27058896891,8171.72941103109
180000,178582.94121761876,1417.0587823812384
383970,389186.68807252485,-5216.688072524848
217000,263549.1956213866,-46549.19562138658
259500,250851.28913964538,8648.710860354622
176000,228005.86005348625,-52005.86005348625
139000,170052.28967862242,-31052.289678622416
155000,156530.29192049283,-1530.291920492833
320000,305196.67590816604,14803.324091833958
163990,205682.341968076,-41692.34196807601
180000,155976.3619457479,24023.638054252107
100000,106773.47098086403,-6773.470980864033
136000,112382.1964470256,23617.803552974394
153900,148831.26341780915,5068.736582190846
181000,186069.34629602416,-5069.3462960241595
84500,95579.31803693014,-11079.31803693014
128000,111007.6367720245,16992.363227975497
87000,69435.72956642332,17564.270433576676
155000,146068.27571827828,8931.72428172172
150000,147367.75539305084,2632.244606949156
226000,200413.62681540844,25586.37318459156
244000,226904.74041788097,17095.259582119033
150750,155000.31413711165,-4250.314137111651
220000,211450.12079819338,8549.879201806616
180000,186889.01269403283,-6889.012694032834
174000,219654.2740632128,-45654.2740632128
143000,138261.8963751499,4738.103624850104
171000,197684.73496978497,-26684.73496978497
230000,247819.95982916566,-17819.95982916566
231500,210762.69307315766,20737.306926842342
115000,119575.73395974479,-4575.733959744786
260000,232394.1906660865,27605.809333913494
166000,120596.40324983194,45403.59675016806
204000,214525.24687487472,-10525.24687487472
125000,127918.75568545212,-2918.7556854521245
130000,165097.18286094602,-35097.18286094602
105000,117127.64354338232,-12127.64354338232
222500,238321.90813154468,-15821.908131544682
141000,128449.49015852124,12550.509841478764
115000,110021.97531389505,4978.024686104953
122000,113515.1652777048,8484.8347222952
372402,294346.3142704863,78055.6857295137
190000,219863.23221374617,-29863.232213746174
235000,194950.54190564313,40049.45809435687
125000,105291.33352790301,19708.666472096986
79000,76136.5724293218,2863.4275706782064
109500,119023.85205813525,-9523.85205813525
269500,283614.8127642727,-14114.812764272676
254900,239649.81457198164,15250.185428018362
320000,308583.70589418075,11416.294105819252
162500,157263.5042529063,5236.495747093693
412500,401209.43032885704,11290.569671142963
220000,205487.26876602368,14512.731233976316
103200,95224.56277508051,7975.437224919486
152000,107580.89176489846,44419.108235101536
127500,96671.02670048576,30828.97329951424
190000,234240.5396038129,-44240.53960381291
325624,340276.59826381697,-14652.598263816966
183500,204406.9521702715,-20906.952170271514
228000,203247.10256208453,24752.897437915468
128500,110654.90241950486,17845.097580495145
215000,230006.32040302744,-15006.320403027436
239000,203006.18656184286,35993.81343815714
163000,179709.0551113945,-16709.055111394497
184000,162400.28145789978,21599.71854210022
243000,214510.34015311676,28489.659846883238
211000,231337.3102597142,-20337.3102597142
172500,209680.25197823733,-37180.25197823733
501837,413288.0724817078,88548.92751829221
100000,172030.19155608368,-72030.19155608368
177000,184890.5651437316,-7890.565143731597
200100,149682.45329172132,50417.54670827868
120000,170001.67221288726,-50001.672212887264
200000,160549.18491410755,39450.81508589245
127000,101691.1669471426,25308.8330528574
475000,362074.8122889566,112925.1877110434
173000,168356.17657189717,4643.823428102827
135000,136938.29575502186,-1938.2957550218562
153337,119692.85149666746,33644.148503332544
286000,285668.6746625197,331.325337480288
315000,223659.00611785383,91340.99388214617
184000,166682.44211876096,17317.557881239045
192000,210505.41747331462,-18505.41747331462
130000,164632.80972799903,-34632.80972799903
127000,112785.62292825467,14214.37707174533
148500,143024.94567063102,5475.054329368984
311872,323101.62453304837,-11229.624533048365
235000,403199.0436200171,-168199.04362001712
104000,101430.81982030655,2569.180179693445
274900,327207.5746469365,-52307.5746469365
140000,166666.73824102484,-26666.73824102484
171500,179573.20569722005,-8073.205697220052
112000,115550.30097557518,-3550.3009755751846
149000,176087.66175440472,-27087.66175440472
110000,76705.60779855266,33294.392201447336
180500,174790.66411679774,5709.335883202264
143900,126055.17671763341,17844.82328236659
141000,171876.00455111472,-30876.00455111472
277000,273450.93810279516,3549.0618972048396
145000,128445.05065893022,16554.949341069776
98000,64010.29630358169,33989.70369641831
186000,160959.84170575492,25040.158294245077
252678,213840.78356463954,38837.21643536046
156000,171346.90523730716,-15346.90523730716
161750,167266.1725609548,-5516.172560954787
134450,143843.7858657281,-9393.785865728103
210000,222464.64219492103,-12464.642194921034
107000,101455.11297425345,5544.887025746546
311500,235204.08863405912,76295.91136594088
167240,168369.77323616436,-1129.7732361643575
204900,206838.63669173815,-1938.6366917381529
200000,216114.89247466245,-16114.892474662454
179900,159742.90024723636,20157.099752763635
97000,123116.4493931027,-26116.449393102695
386250,401570.13011553074,-15320.130115530745
112000,103596.25276726607,8403.747232733935
290000,279441.83810514037,10558.16189485963
106000,82774.1252322456,23225.8747677544
125000,108805.9898041661,16194.010195833893
192500,206554.31046313402,-14054.310463134025
148000,141480.94936947894,6519.050630521058
403000,380279.93205593736,22720.06794406264
94500,135591.30404432496,-41091.30404432496
128200,108611.3079024415,19588.692097558494
216500,198757.58135444793,17742.41864555207
89500,116174.39291405164,-26674.39291405164
185500,193945.44966764905,-8445.449667649053
194500,185576.20824758022,8923.791752419784
318000,235690.0168907187,82309.98310928131
113000,84331.21308164138,28668.786918358615
262500,216281.50900673855,46218.490993261454
110500,84046.8013207308,26453.198679269204
79000,111159.35020633845,-32159.35020633845
120000,102826.9410959768,17173.0589040232
205000,249524.66759962685,-44524.667599626846
241500,230532.83154218385,10967.168457816151
137000,155336.27549173543,-18336.275491735432
140000,160669.09788867726,-20669.097888677265
180000,205982.56203580878,-25982.562035808776
277000,379539.8261133353,-102539.82611333532
76500,129107.05639182265,-52607.056391822654
235000,304233.0352101097,-69233.03521010972
173000,184106.81808529806,-11106.818085298059
158000,116095.99912171156,41904.00087828844
145000,114992.0889509026,30007.911049097398
230000,230941.98222232252,-941.9822223225201
207500,195419.1359769692,12080.864023030794
220000,234659.5044920838,-14659.504492083797
231500,219128.52741364524,12371.472586354765
97000,91941.33665601071,5058.66334398929
176000,195777.75085519315,-19777.750855193153
276000,381598.036355761,-105598.036355761
151000,161161.04923022143,-10161.049230221426
130000,127176.99439652753,2823.0056034724694
73000,143433.22015560244,-70433.22015560244
175500,192437.82550585293,-16937.825505852932
185000,213999.73273092878,-28999.73273092878
179500,122937.67569812256,56562.32430187744
120500,73737.19453394657,46762.805466053425
148000,125345.0695707686,22654.930429231405
266000,251721.48077623334,14278.519223766663
241500,135546.3216785604,105953.6783214396
290000,295929.5419086745,-5929.541908674524
139000,196871.0458483417,-57871.04584834169
124500,126136.68610365441,-1636.6861036544142
205000,187585.39486675742,17414.605133242585
201000,214055.71230111577,-13055.712301115767
141000,92338.48354065418,48661.51645934582
415298,342216.26189915906,73081.73810084094
192000,189265.62512670015,2734.37487329985
228500,218529.89898476098,9970.101015239023
185000,158871.82204272697,26128.17795727303
207500,207738.22128481805,-238.22128481804975
244600,228113.88348447977,16486.116515520232
179200,197954.90207976836,-18754.902079768362
164700,138348.14432749752,26351.855672502483
159000,179436.23620251843,-20436.236202518427
88000,80383.12831423272,7616.871685767284
122000,91641.96249785062,30358.037502149382
153575,154086.87495122582,-511.87495122582186
233230,251010.70095867608,-17780.700958676083
135900,130591.58159345403,5308.41840654597
131000,141884.62945114612,-10884.629451146116
235000,235553.8080821281,-553.8080821280892
167000,196981.7326951434,-29981.732695143408
142500,156490.24787690977,-13990.247876909765
152000,97491.39531907017,54508.60468092983
239000,270649.0952062224,-31649.09520622238
175000,249079.3536319836,-74079.3536319836
158500,155281.4331387477,3218.5668612523004
157000,145614.43762560977,11385.562374390225
267000,274043.60929969995,-7043.6092996999505
205000,220660.63539387268,-15660.635393872682
149900,135719.78131984695,14180.218680153048
295000,344558.58486522577,-49558.58486522577
305900,286356.2529481921,19543.747051807877
225000,258831.4707140083,-33831.47071400829
89500,143465.07181600216,-53965.071816002164
82500,105728.23368231664,-23228.23368231664
360000,327976.10546831717,32023.894531682832
165600,152832.42791798286,12767.572082017141
132000,148025.6290474951,-16025.62904749511
119900,128127.72299222938,-8227.722992229377
375000,436994.4202099346,-61994.420209934586
178000,188913.19946267613,-10913.19946267613
188500,193867.981080457,-5367.981080456986
260000,290727.1353311059,-30727.135331105907
270000,256413.54991339255,13586.450086607452
260000,307017.7604341195,-47017.7604341195
187500,175913.24254585707,11586.757454142935
342643,293556.87062884576,49086.12937115424
354000,322542.07778563123,31457.922214368766
301000,268870.1933757486,32129.806624251418
126175,152634.39895013688,-26459.398950136878
242000,283229.78118176,-41229.781181760016
87000,91124.38915016947,-4124.389150169474
324000,240921.46135677883,83078.53864322117
145250,128098.07319844782,17151.92680155218
214500,170908.69337601963,43591.306623980374
78000,103040.6065604446,-25040.606560444605
119000,133479.93433942596,-14479.934339425963
139000,117226.80426877682,21773.195731223183
284000,259137.09095928617,24862.90904071383
207000,221523.10069219995,-14523.10069219995
192000,198680.54791142704,-6680.547911427042
228950,368469.22059066,-139519.22059066
377426,312457.4669477585,64968.53305224149
214000,218236.58739040536,-4236.587390405359
202500,229522.53807566536,-27022.53807566536
155000,141013.47651407128,13986.523485928716
202900,205792.80329215297,-2892.8032921529666
82000,67782.30574299305,14217.694257006951
87500,66316.28576782237,21183.714232177634
266000,313287.2794269022,-47287.27942690218
85000,79420.55725006477,5579.442749935231
140200,165338.59310712194,-25138.59310712194
151500,116471.95917891597,35028.040821084025
157500,179752.11121344866,-22252.11121344866
154000,204909.21715764527,-50909.21715764527
437154,420890.198643414,16263.801356585987
318061,293613.3736456871,24447.626354312873
190000,183089.42062255577,6910.579377444228
95000,36607.61123281317,58392.38876718683
105900,117367.70765450549,-11467.707654505488
140000,151821.6050612951,-11821.605061295093
177500,185919.32178095134,-8419.321780951344
173000,154374.44575719803,18625.55424280197
134000,164750.04070827772,-30750.040708277724
130000,105459.75499231362,24540.245007686375
280000,274722.3896801872,5277.610319812782
156000,165854.45069738023,-9854.450697380234
145000,141779.68451903533,3220.3154809646658
198500,244413.63266427148,-45913.632664271485
118000,107798.39234729108,10201.607652708917
190000,192741.64119046243,-2741.6411904624256
147000,108359.65740073609,38640.34259926391
159000,157125.7442192489,1874.2557807510893
165000,94973.61567318639,70026.38432681361
132000,135989.15828831831,-3989.1582883183146
162000,207904.14434767867,-45904.144347678666
172400,192637.2619811457,-20237.26198114571
134432,127477.16882371606,6954.831176283944
125000,104362.09566812972,20637.904331870275
123000,86083.41421981384,36916.58578018616
219500,217270.70618475883,2229.293815241166
61000,78281.71693591356,-17281.71693591356
148000,172105.73766787956,-24105.737667879555
340000,269417.3736601287,70582.62633987132
394432,385541.08796137734,8890.912038622657
179000,202629.39246875214,-23629.392468752136
127000,80117.93282909626,46882.06717090374
187750,167854.29812137072,19895.701878629276
213500,219640.81224301792,-6140.812243017921
76000,104649.27660523224,-28649.27660523224
240000,283095.04932902864,-43095.04932902864
192000,183280.20483214283,8719.79516785717
81000,103254.97807728428,-22254.97807728428
125000,167648.71940212592,-42648.71940212592
191000,197315.75712560205,-6315.757125602046
426000,365109.0121064929,60890.98789350712
119000,73791.60675488679,45208.39324511321
215000,228531.57049022708,-13531.57049022708
106500,88896.46338795117,17603.536612048832
100000,48099.52754034058,51900.47245965942
109000,96914.66590905281,12085.334090947188
129000,108803.4525672397,20196.5474327603
123000,143508.29503080063,-20508.295030800626
169500,156174.15179323973,13325.848206760274
67000,42187.29447154758,24812.705528452418
241000,231504.3124887941,9495.687511205906
245500,260325.40061826026,-14825.40061826026
164990,209441.0635642532,-44451.063564253214
108000,110210.21626728227,-2210.216267282274
258000,271843.18480335263,-13843.184803352633
168000,185143.17809144116,-17143.178091441165
150000,201890.1237336034,-51890.123733603396
115000,23313.994396996077,91686.00560300393
177000,159068.17517727532,17931.82482272468
280000,288127.2866579138,-8127.286657913821
339750,333348.02303884627,6401.976961153734
60000,37946.43355386246,22053.56644613754
145000,132741.23429409173,12258.76570590827
222000,258611.90960909295,-36611.90960909295
115000,110976.1728781577,4023.8271218423033
228000,263522.5339641988,-35522.53396419878
181134,186956.58458467285,-5822.584584672848
149500,165788.35104356022,-16288.351043560222
239000,275522.69980169146,-36522.69980169146
126000,119347.0584317557,6652.941568244307
142000,146146.17636162136,-4146.1763616213575
206300,233124.8399191199,-26824.8399191199
215000,226290.00308032654,-11290.00308032654
113000,157507.32597173017,-44507.32597173017
315000,300597.8523936725,14402.14760632749
139000,127186.15588284114,11813.844117158864
135000,163062.1330215097,-28062.13302150971
275000,248102.29760727411,26897.702392725885
109008,91863.94839256423,17144.051607435773
195400,202231.53558947073,-6831.535589470732
175000,175618.41874218258,-618.4187421825773
85400,83844.00595897724,1555.9940410227573
79900,121473.3730178234,-41573.3730178234
122500,150408.52828611006,-27908.528286110057
181000,196373.67667149624,-15373.676671496243
81000,79220.79187821836,1779.2081217816449
212000,213233.69135645064,-1233.6913564506394
116000,124612.45250594454,-8612.452505944544
119000,116542.18362741711,2457.8163725828927
90350,96308.29763589283,-5958.297635892828
110000,89734.17731743558,20265.822682564423
555000,390966.37195613125,164033.62804386875
118000,132906.7365456311,-14906.736545631109
162900,213782.94181433064,-50882.94181433064
172500,209048.32174661788,-36548.321746617876
210000,212792.73880461336,-2792.7388046133565
127500,185931.95529924997,-58431.95529924997
190000,190154.06394753727,-154.06394753727363
199900,210712.1801639661,-10812.180163966113
119500,140490.12935149993,-20990.129351499927
120000,131896.37456779173,-11896.374567791732
110000,103102.47913190248,6897.520868097519
280000,203136.38778670356,76863.61221329644
204000,236803.36888107497,-32803.36888107497
210000,186206.95900278198,23793.04099721802
188000,162984.7663994865,25015.233600513486
175500,157816.21761873452,17683.782381265482
98000,101492.98436255322,-3492.984362553223
256000,173547.07868795388,82452.92131204612
161000,125881.82597675735,35118.17402324265
110000,115950.87329405235,-5950.873294052348
263435,265060.8192679434,-1625.819267943385
155000,125482.912045214,29517.087954785995
62383,151264.06926818012,-88881.06926818012
188700,166679.28392574022,22020.716074259777
124000,120833.4729968693,3166.527003130701
178740,185545.05751108087,-6805.057511080871
167000,177668.445594538,-10668.445594538003
146500,134126.09442095368,12373.905579046317
250000,250411.29779224852,-411.2977922485152
187000,183167.25479124638,3832.745208753622
212000,193886.7372687264,18113.2627312736
190000,213586.2971569495,-23586.2971569495
148000,160911.41706671403,-12911.417066714028
440000,332605.5706487962,107394.42935120378
251000,241014.90670736486,9985.093292635138
132500,153057.88498026488,-20557.884980264877
208900,214446.16179968062,-5546.161799680616
380000,371051.58056506497,8948.41943493503
297000,293377.310352031,3622.689647968975
89471,199089.9013840849,-109618.9013840849
326000,304681.1806833162,21318.819316683803
374000,357371.7022892624,16628.29771073762
155000,122535.8225337237,32464.177466276305
164000,204354.0684765456,-40354.068476545595
132500,118264.73403926124,14235.265960738761
147000,129149.83367436586,17850.16632563414
156000,137352.5475795526,18647.4524204474
175000,185163.11024273816,-10163.110242738156
160000,132322.6303101241,27677.369689875894
86000,80222.14640792541,5777.853592074593
115000,104106.92920008587,10893.07079991413
133000,159265.320843962,-26265.320843961992
172785,203261.9587055553,-30476.9587055553
155000,130537.34204708527,24462.657952914728
91300,126415.36298374558,-35115.36298374558
34900,49964.779597175824,-15064.779597175824
430000,377000.43332763173,52999.566672368266
184000,142557.5492594299,41442.450740570086
130000,107591.29925215174,22408.700747848256
120000,128951.66835876365,-8951.66835876365
113000,100064.59220682617,12935.407793173828
226700,198935.92447271937,27764.075527280627
140000,194145.3753780356,-54145.37537803559
289000,257291.108421916,31708.891578084003
147000,166101.9706178915,-19101.970617891493
124500,171325.13140703182,-46825.13140703182
215000,214533.47864370965,466.52135629035183
208300,189847.25726654328,18452.74273345672
161000,209451.17585763265,-48451.175857632654
124500,114515.79648180594,9984.20351819406
164900,187803.97860002267,-22903.978600022674
202665,206782.89930792368,-4117.8993079236825
129900,101406.92958567113,28493.070414328875
134000,150314.72452943987,-16314.724529439874
96500,61389.20701921747,35110.79298078253
402861,330507.078769009,72353.92123099102
158000,227802.0276289032,-69802.02762890319
265000,305043.17445146333,-40043.17445146333
211000,233564.01427166077,-22564.014271660766
234000,218919.2722646858,15080.727735314198
106250,83487.41079381897,22762.58920618103
150000,113750.67053421956,36249.329465780436
159000,169198.3522285109,-10198.352228510892
184750,526353.4937151783,-341603.49371517834
315750,316134.9080544122,-384.9080544122262
176000,143555.27864643623,32444.72135356377
132000,123873.39516731518,8126.604832684825
446261,399756.71033453604,46504.28966546396
86000,118594.78086491843,-32594.78086491843
200624,258407.36447710378,-57783.36447710378
175000,196072.9800229756,-21072.980022975593
128000,122146.14615053944,5853.85384946056
107500,101152.47052363318,6347.529476366821
39300,72187.172451702,-32887.172451702005
178000,184264.70228730398,-6264.702287303982
107500,121245.98649612097,-13745.986496120968
188000,203313.67844368995,-15313.678443689947
111250,116896.89771746822,-5646.897717468222
158000,141714.2249066672,16285.775093332806
272000,242249.72174077836,29750.27825922164
315000,342406.4914517541,-27406.49145175412
248000,249159.0006146972,-1159.000614697201
213250,204970.51522224638,8279.48477775362
133000,149290.91883959837,-16290.918839598366
179665,203349.4744677298,-23684.4744677298
229000,244976.50927889431,-15976.509278894315
210000,144961.51025113405,65038.48974886595
129500,128260.82588190181,1239.1741180981917
125000,125137.31101305415,-137.31101305414631
263000,225347.58757553142,37652.41242446858
140000,124885.12339427727,15114.876605722733
112500,95112.80976045161,17387.190239548392
255500,271151.2776437481,-15651.277643748093
108000,143113.7797717149,-35113.77977171491
284000,270779.1397890369,13220.860210963117
113000,81344.11668193256,31655.88331806744
141000,147662.31150304168,-6662.311503041681
108000,103478.40302766179,4521.596972338215
175000,209924.1409607493,-34924.1409607493
234000,199626.01544241552,34373.98455758448
121500,137885.64907126845,-16385.649071268446
170000,185924.10333332195,-15924.103333321953
108000,98422.09332160828,9577.906678391722
185000,187261.742687247,-2261.742687246995
268000,252693.26716418145,15306.732835818548
128000,137368.6596710516,-9368.659671051602
325000,334865.205597893,-9865.205597892986
214000,211068.49159455567,2931.5084054443287
316600,239078.40660106085,77521.59339893915
135960,128117.15031333627,7842.849686663729
142600,118280.11569183947,24319.88430816053
120000,79658.90893238236,40341.09106761764
224500,200683.7802527249,23816.219747275114
170000,178154.8925665599,-8154.8925665598945
139000,156805.68069214368,-17805.68069214368
118500,109837.52219524061,8662.477804759386
145000,125158.96782323139,19841.03217676861
164500,183040.62853921443,-18540.628539214435
146000,151417.01214399314,-5417.012143993139
131500,155166.35253523407,-23666.352535234066
181900,174591.51726334193,7308.482736658072
253293,314240.4719489486,-60947.47194894857
118500,96944.01073575352,21555.989264246484
325000,197785.09661938605,127214.90338061395
133000,136132.3625067737,-3132.362506773701
369900,291830.93304670765,78069.06695329235
130000,166168.09233992035,-36168.092339920346
137000,143569.6919959919,-6569.691995991889
143000,229285.23044379355,-86285.23044379355
79500,75818.62623971456,3681.373760285438
185900,187110.41694718087,-1210.416947180871
451950,344153.8621913426,107796.13780865743
138000,149802.6025874857,-11802.602587485686
140000,175953.67820024982,-35953.67820024982
110000,111708.94434043017,-1708.944340430171
319000,279225.90204521833,39774.09795478167
114504,115760.25576049615,-1256.2557604961476
194201,223490.18976030248,-29289.189760302485
217500,214680.94135702218,2819.0586429778195
151000,158568.33185187393,-7568.331851873925
275000,292208.646821204,-17208.64682120399
141000,127618.0302670555,13381.969732944504
220000,216899.91912141338,3100.0808785866247
151000,116864.42406452763,34135.57593547237
221000,215247.472008124,5752.527991876006
205000,221528.38555090618,-16528.385550906183
152000,182591.41192196816,-30591.41192196816
225000,238180.2734740948,-13180.273474094807
359100,299365.5110800183,59734.4889199817
118500,121269.04157767093,-2769.041577670927
313000,355471.34430434444,-42471.34430434444
148000,169316.21993936892,-21316.219939368922
261500,268420.6402199727,-6920.640219972702
147000,147660.33429897839,-660.334298978385
75500,72483.71395425225,3016.286045747751
137500,123390.25866877798,14109.741331222016
183200,203449.9151930287,-20249.91519302869
105500,87441.01993480892,18058.980065191077
314813,299378.6794284112,15434.320571588818
305000,291653.00997850165,13346.99002149835
67000,68176.60649298827,-1176.6064929882705
240000,251065.84027759894,-11065.840277598938
135000,118835.14288827314,16164.857111726858
168500,193904.35614763986,-25404.35614763986
165150,159409.37492472294,5740.6250752770575
160000,159777.98656871624,222.01343128376175
139900,155296.23281494674,-15396.232814946736
153000,163283.72879254958,-10283.728792549577
135000,227998.6829539887,-92998.6829539887
168500,143556.6561751384,24943.3438248616
124000,160020.50912113645,-36020.50912113645
209500,213885.90621553457,-4385.906215534575
82500,187492.302087205,-104992.302087205
139400,133156.85271313653,6243.147286863474
144000,146351.39347662483,-2351.3934766248276
200000,128358.94587126316,71641.05412873684
60000,83699.46999212928,-23699.469992129278
93000,75605.42602686609,17394.573973133913
85000,108705.55461952635,-23705.554619526345
264561,293453.82723774033,-28892.827237740334
274000,268942.5615246976,5057.438475302421
226000,221339.78573263972,4660.214267360279
345000,271183.58520069136,73816.41479930864
152000,168675.82265305013,-16675.822653050127
370878,308485.452904808,62392.547095192014
143250,122244.55032356537,21005.449676434626
98300,100693.44208549528,-2393.442085495277
155000,149568.55890349956,5431.441096500435
155000,184886.94630421032,-29886.946304210316
84500,78701.11988125887,5798.88011874113
205950,195551.21068771795,10398.789312282053
108000,132475.0098931332,-24475.00989313319
191000,206420.16487970148,-15420.164879701479
135000,134232.7296686172,767.2703313828097
350000,318671.6056133554,31328.39438664459
88000,108659.75157094245,-20659.751570942448
145500,120947.59593043874,24552.404069561264
149000,184087.04480849567,-35087.04480849567
97500,137214.70862449968,-39714.708624499675
167000,195657.23261881113,-28657.232618811133
197900,220539.75417045536,-22639.75417045536
402000,340600.87683548604,61399.12316451396
110000,129980.7789181442,-19980.778918144206
137500,137239.98883304134,260.0111669586622
423000,382356.3813881464,40643.61861185363
230500,207538.47772729665,22961.522272703354
129000,160710.49732618875,-31710.49732618875
193500,226257.08977077407,-32757.089770774066
168000,130907.15884739232,37092.84115260768
137500,172469.94071729464,-34969.94071729464
173500,203132.8306989946,-29632.8306989946
103600,116683.99000764798,-13083.990007647983
165000,159540.06483244163,5459.935167558375
257500,229331.86720029238,28168.132799707615
140000,115749.79098632748,24250.209013672516
148500,149287.11127539963,-787.1112753996276
87000,55784.32977870761,31215.670221292392
109500,112846.00422789255,-3346.004227892554
372500,302936.34744163544,69563.65255836456
128500,129220.66130612546,-720.6613061254611
143000,97593.00264384641,45406.99735615359
159434,125014.8221478241,34419.1778521759
173000,186861.9977900866,-13861.997790086607
285000,271032.27914115496,13967.720858845045
221000,228303.71644006795,-7303.716440067947
207500,204590.92299755887,2909.077002441132
227875,222213.65319022338,5661.346809776616
148800,157776.85264581395,-8976.852645813953
392000,229154.94369683575,162845.05630316425
194700,221459.2181828976,-26759.218182897603
141000,163212.58891046472,-22212.58891046472
755000,522506.56559042266,232493.43440957734
335000,280993.39705398557,54006.602946014435
108480,112619.86171511067,-4139.861715110674
141500,132073.34818108764,9426.65181891236
176000,154551.73304044222,21448.266959557775
89000,42560.86373160858,46439.13626839142
123500,120447.71753207986,3052.282467920144
138500,136477.39860315731,2022.601396842685
196000,170023.19843002944,25976.801569970557
312500,294810.50131329615,17689.498686703853
140000,139805.002227057,194.99777294299565
361919,336288.3589905251,25630.64100947487
140000,178353.52031543243,-38353.520315432426
213000,218405.31524900437,-5405.315249004372
55000,44468.11603810964,10531.883961890358
302000,315068.4233109288,-13068.423310928803
254000,223708.97930851378,30291.02069148622
179540,206514.37312205328,-26974.37312205328
109900,114178.84589593977,-4278.8458959397685
52000,53355.94332012635,-1355.9433201263528
102776,104771.96820600075,-1995.9682060007472
189000,183182.58442032197,5817.415579678025
129000,111074.62450224669,17925.37549775331
130500,187234.90793211941,-56734.907932119415
165000,177291.13782991387,-12291.137829913874
159500,256878.34585351538,-97378.34585351538
157000,143001.70580435346,13998.294195646537
341000,335560.67898329877,5439.321016701229
128500,140498.399593051,-11998.399593051
275000,220722.55538304584,54277.44461695416
143000,165697.9388717714,-22697.93887177139
124500,117747.28096016607,6752.71903983393
135000,135486.27781675901,-486.27781675901497
320000,310862.79685716715,9137.203142832848
120500,99842.82848875472,20657.17151124528
222000,275853.3313918401,-53853.331391840125
194500,208156.61303492184,-13656.613034921844
110000,171975.69178429793,-61975.69178429793
103000,70909.84625636801,32090.153743631992
236500,188800.3690037291,47699.63099627089
187500,210353.4486537717,-22853.448653771688
222500,248177.71687504725,-25677.71687504725
131400,143859.2268882421,-12459.22688824209
108000,104884.30297706608,3115.6970229339204
163000,129363.84417679023,33636.155823209774
93500,83499.53950192842,10000.460498071581
239900,245861.45508729113,-5961.455087291135
179000,142030.52730255347,36969.47269744653
190000,204783.7195382903,-14783.719538290286
132000,152446.30459524877,-20446.304595248774
142000,123390.42887238004,18609.571127619958
179000,188052.85601144482,-9052.85601144482
175000,159180.7585276714,15819.241472328606
180000,191371.64791825565,-11371.64791825565
299800,282189.91122607497,17610.088773925032
236000,222572.81354749663,13427.186452503374
265979,244768.1099157557,21210.89008424431
260400,257699.47629436484,2700.5237056351616
98000,66620.86638609805,31379.133613901955
96500,47327.73642483258,49172.26357516742
162000,150982.98917079662,11017.010829203384
217000,194374.06926564354,22625.930734356458
275500,295720.5785423585,-20220.578542358475
156000,128829.81744504182,27170.182554958184
172500,187552.5071939075,-15052.507193907513
212000,217720.45964524444,-5720.459645244438
158900,192405.60037836013,-33505.60037836013
179400,161412.39452146267,17987.605478537327
290000,287415.28778467677,2584.712215323234
127500,96984.50598987355,30515.49401012645
100000,140111.20302820776,-40111.20302820776
215200,184439.93531621151,30760.064683788485
337000,324802.09508127195,12197.904918728047
270000,269975.09370053693,24.906299463065807
264132,283561.0279392366,-19429.027939236606
196500,210368.28383454453,-13868.283834544534
160000,136825.4268542479,23174.573145752103
216837,258114.272555702,-41277.27255570199
538000,423332.478005271,114667.521994729
134900,149231.70715407465,-14331.707154074655
102000,107898.0218006982,-5898.021800698203
107000,135020.58926794035,-28020.589267940348
114500,95580.38193907996,18919.61806092004
395000,299637.91546672233,95362.08453327767
162000,214065.23183106654,-52065.23183106654
221500,249973.71353044754,-28473.713530447538
142500,158329.33857365098,-15829.33857365098
144000,180369.5229019063,-36369.52290190631
135000,141185.83721825195,-6185.837218251952
176000,153189.11067969608,22810.88932030392
175900,169879.3546105516,6020.645389448386
187100,202166.60528956293,-15066.605289562925
165500,159860.9277924599,5639.072207540099
128000,138478.98509875452,-10478.985098754521
161500,190974.61252708797,-29474.61252708797
139000,149548.58092102886,-10548.580921028857
233000,221158.6214124753,11841.378587524698
107900,122689.5437838704,-14789.543783870395
187500,155094.00741308476,32405.992586915236
160200,171623.5547505887,-11423.554750588693
146800,129457.84970668267,17342.150293317332
269790,258143.76559207446,11646.234407925542
225000,206520.3201113544,18479.679888645594
194500,216428.22419061593,-21928.224190615932
171000,185305.3712783635,-14305.371278363513
143500,154969.49500263005,-11469.49500263005
110000,66862.67660679735,43137.32339320265
485000,421177.96237465506,63822.037625344936
175000,132979.94851901662,42020.051480983384
200000,204368.33017779276,-4368.330177792755
109900,133500.62892352673,-23600.628923526732
189000,209749.32228900655,-20749.32228900655
582933,394333.9566356075,188599.04336439248
118000,87844.95560134744,30155.044398652564
227680,247453.5130478293,-19773.5130478293
135500,113853.91968779014,21646.08031220986
223500,161367.8787028733,62132.121297126694
159950,196323.96178095916,-36373.96178095916
106000,126344.00907546509,-20344.00907546509
181000,195885.3548557867,-14885.354855786689
144500,183957.88239878908,-39457.88239878908
55993,167244.39311194659,-111251.39311194659
157900,139774.889181178,18125.110818821995
116000,139605.53315256204,-23605.533152562042
224900,224718.18376102968,181.81623897032114
137000,115823.40580513506,21176.59419486494
271000,256528.01048901462,14471.989510985382
155000,136794.75891561963,18205.241084380366
224000,227607.61409949878,-3607.61409949878
183000,191829.86870806362,-8829.868708063615
93000,48483.56883343501,44516.43116656499
225000,215042.01374883828,9957.986251161725
139500,131150.61414517413,8349.385854825872
232600,198197.3152776388,34402.68472236121
385000,330571.14647605625,54428.85352394375
109500,58799.47343907135,50700.52656092865
189000,183993.692368462,5006.307631537988
185000,175025.85391759107,9974.14608240893
147400,111061.39069125077,36338.60930874923
166000,172138.0075806994,-6138.007580699399
151000,100389.76382419773,50610.236175802274
237000,238743.17639015176,-1743.1763901517552
167000,161341.573590147,5658.426409853011
139950,142381.30567577807,-2431.3056757780723
128000,73522.81442038612,54477.185579613884
153500,121948.66841680209,31551.331583197913
100000,93717.02777679442,6282.972223205579
144000,124413.39034212261,19586.609657877387
130500,112500.86462515227,17999.135374847727
140000,181282.79241289303,-41282.79241289303
157500,222085.87765935535,-64585.87765935535
174900,124701.54061369596,50198.459386304035
141000,100095.0137213243,40904.9862786757
153900,142074.29437799766,11825.705622002337
171000,143617.98418608526,27382.01581391474
213000,214609.58383474976,-1609.583834749763
133500,147080.1804342218,-13580.18043422181
240000,274644.9292454381,-34644.92924543808
187000,231233.62597481083,-44233.62597481083
131500,170584.06124208518,-39084.06124208518
215000,190267.2919090614,24732.7080909386
164000,129222.99284682816,34777.00715317184
158000,179721.74682776647,-21721.746827766474
170000,229869.4735257133,-59869.473525713314
127000,138274.06153010894,-11274.061530108942
147000,146062.2130490403,937.7869509597076
174000,163603.59873791624,10396.40126208376
152000,172446.12452942203,-20446.124529422028
250000,271811.71184674517,-21811.711846745166
189950,131551.6061478468,58398.39385215321
131500,125147.11189174753,6352.888108252475
152000,157593.75073716498,-5593.7507371649845
132500,113554.31919391768,18945.680806082324
250580,195107.34368036303,55472.65631963697
148500,129268.1074173268,19231.8925826732
248900,254479.42211864423,-5579.42211864423
129000,161106.45031184916,-32106.450311849156
169000,249165.82666823003,-80165.82666823003
236000,235032.16492165477,967.8350783452333
109500,99636.78463805499,9863.215361945011
200500,187717.5892249221,12782.410775077908
116000,126810.72751844364,-10810.727518443644
133000,136724.54351215228,-3724.543512152275
66500,81945.25267264518,-15445.252672645176
303477,319192.5248052437,-15715.52480524371
132250,155634.41042986,-23384.41042986
350000,347270.7306951668,2729.2693048332003
148000,109278.01964918639,38721.98035081361
136500,167025.19971238446,-30525.199712384463
157000,165077.53948797073,-8077.539487970731
187500,175015.32516991434,12484.674830085656
178000,184119.35248537993,-6119.352485379932
118500,61494.713010017265,57005.286989982735
100000,78906.51775812011,21093.482241879887
328900,232212.43848102138,96687.56151897862
145000,149646.00537170813,-4646.005371708132
135500,147957.32220020372,-12457.322200203722
268000,227021.95286615976,40978.04713384024
149500,179447.73874669432,-29947.73874669432
122900,179326.42319222196,-56426.42319222196
172500,184613.75284235986,-12113.752842359856
154500,137292.76124439016,17207.23875560984
165000,131837.5575211437,33162.442478856305
118858,128041.5269014519,-9183.5269014519
140000,183216.70124258462,-43216.70124258462
106500,80227.88973382732,26272.110266172676
142953,160834.18177180865,-17881.181771808653
611657,404579.9454878913,207077.05451210868
135000,125987.72197676905,9012.278023230945
110000,103004.74089100055,6995.259108999453
153000,165031.16485884014,-12031.164858840144
180000,190077.35489288883,-10077.354892888834
240000,252651.6529453096,-12651.652945309586
125500,109953.75729639284,15546.24270360716
128000,122450.34197430967,5549.658025690325
255000,277614.2775913706,-22614.27759137063
250000,197679.86313849152,52320.13686150848
131000,162407.1382311948,-31407.13823119481
174000,205054.84032871763,-31054.840328717633
154300,184099.7720405293,-29799.772040529293
143500,119499.4341990177,24000.565800982295
88000,81900.08390558185,6099.916094418149
145000,155146.54694515513,-10146.546945155133
173733,133547.13953930055,40185.86046069945
75000,82755.32576068875,-7755.325760688749
35311,68593.64368939039,-33282.64368939039
135000,117596.35583151117,17403.644168488827
238000,264452.6695332577,-26452.669533257722
176500,182064.51093468972,-5564.5109346897225
201000,190751.9893941924,10248.01060580759
145900,154673.977768915,-8773.977768915007
169990,185867.98503475304,-15877.985034753045
193000,208461.74440372235,-15461.744403722347
207500,207342.5121381082,157.487861891801
175000,188305.39448539412,-13305.394485394121
285000,330767.4475141864,-45767.44751418638
176000,214904.34248980752,-38904.34248980752
236500,264687.19425671897,-28187.19425671897
222000,222329.74223766095,-329.74223766094656
201000,230582.2920718688,-29582.29207186881
117500,121116.52668918332,-3616.526689183316
320000,320360.72181067977,-360.72181067976635
190000,208865.01016091547,-18865.010160915466
242000,243336.52109346166,-1336.5210934616625
79900,130012.72611131781,-50112.72611131781
184900,179983.14445134703,4916.855548652966
253000,237125.81702857517,15874.18297142483
239799,235687.09088148526,4111.909118514741
244400,225730.53104803295,18669.46895196705
150900,152925.02512154274,-2025.0251215427415
214000,244279.6457137813,-30279.645713781298
150000,128441.71590841445,21558.28409158555
143000,189320.84087907113,-46320.840879071126
137500,103565.37364651322,33934.626353486776
124900,189457.2659442726,-64557.2659442726
143000,117053.54016587004,25946.459834129957
270000,265321.4999796817,4678.500020318315
192500,216792.15866882482,-24292.15866882482
197500,150682.53782460978,46817.46217539022
129000,106509.14073107098,22490.859268929024
119900,103953.45844642844,15946.541553571558
133900,127717.04574571762,6182.9542542823765
172000,233906.91387137683,-61906.91387137683
127500,101493.67951748641,26006.32048251359
145000,159881.97366650144,-14881.973666501435
124000,129200.9720413532,-5200.972041353205
132000,120425.51721465151,11574.48278534849
185000,193694.06336684048,-8694.063366840477
155000,173792.81044899917,-18792.810448999167
116500,120035.01427697719,-3535.014276977192
272000,307942.9920335376,-35942.992033537594
155000,138795.10715382232,16204.892846177681
239000,295537.13533832855,-56537.135338328546
214900,215992.12975770098,-1092.1297577009827
178900,189796.26419809088,-10896.264198090881
160000,87768.6514115713,72231.3485884287
135000,129518.15370894766,5481.846291052338
37900,55749.575269321525,-17849.575269321525
140000,131402.06549392134,8597.934506078658
135000,68513.48104435648,66486.51895564352
173000,200663.9262218205,-27663.926221820497
99500,105559.38874921616,-6059.388749216159
182000,192317.35538146473,-10317.355381464731
167500,146224.42953407898,21275.570465921017
165000,167011.29237853142,-2011.2923785314197
85500,111942.64909296813,-26442.64909296813
199900,163862.80294787211,36037.197052127885
110000,85885.29948427647,24114.700515723525
139000,124653.07310426314,14346.926895736862
178400,177401.61227674392,998.3877232560772
336000,342949.9917312048,-6949.991731204791
159895,185075.88033584162,-25180.88033584162
255900,254007.30350789923,1892.6964921007748
126000,117482.141918457,8517.858081543003
125000,81671.7218550411,43328.278144958895
117000,119259.19964670394,-2259.1996467039426
395192,334154.1195323152,61037.88046768482
195000,180897.81528271514,14102.184717284865
197000,174262.7504018565,22737.249598143506
348000,291550.45397690265,56449.546023097355
168000,164288.47650618394,3711.5234938160575
187000,222849.55256739375,-35849.55256739375
173900,170971.65849922248,2928.3415007775184
337500,301642.9766471947,35857.02335280529
121600,106701.71196877351,14898.28803122649
136500,106478.65991401981,30021.34008598019
185000,212850.0966488423,-27850.0966488423
91000,90609.3404934447,390.6595065552974
206000,201054.604986213,4945.395013786998
82000,74447.62999061673,7552.370009383274
86000,120522.92308289389,-34522.92308289389
232000,237387.693346617,-5387.693346616987
136905,102283.1424382377,34621.8575617623
181000,225262.29807791536,-44262.29807791536
149900,126934.56825054245,22965.43174945755
163500,198242.87319768546,-34742.87319768546
88000,86872.31521559105,1127.6847844089498
240000,272263.5911833283,-32263.591183328303
102000,103985.43995389526,-1985.4399538952566
135000,128645.23865623318,6354.761343766819
100000,97615.62424347948,2384.375756520516
165000,112832.20825877512,52167.79174122488
85000,74502.65898966613,10497.341010333868
119200,83242.23198361369,35957.76801638631
227000,202913.2583530544,24086.741646945593
203000,219162.6616065918,-16162.661606591806
187500,203490.50622569848,-15990.506225698482
160000,156939.48693855165,3060.5130614483496
213490,208392.11496039404,5097.885039605957
176000,150395.12407066615,25604.87592933385
194000,206843.46239907216,-12843.46239907216
87000,112411.20215230354,-25411.202152303536
191000,201352.7047061688,-10352.704706168792
287000,312083.5681095227,-25083.56810952269
112500,122405.70209260716,-9905.702092607156
167500,163144.2028504284,4355.79714957159
293077,268615.5867182305,24461.41328176949
105000,115097.75202868285,-10097.752028682851
118000,113558.10304626384,4441.896953736155
160000,136627.6330469245,23372.366953075514
197000,228475.4547136423,-31475.454713642306
310000,275529.9629854787,34470.03701452131
230000,244136.96203394985,-14136.96203394985
119750,145259.857586293,-25509.857586292987
84000,101073.96536829104,-17073.965368291043
315500,350405.1338042231,-34905.13380422309
287000,270864.0067553174,16135.993244682613
97000,119515.43807560072,-22515.438075600716
80000,82660.2821229606,-2660.282122960605
155000,224370.72743431304,-69370.72743431304
173000,180211.1670371506,-7211.16703715059
196000,223187.4481625917,-27187.448162591696
262280,267701.5090025363,-5421.509002536302
278000,251053.872812489,26946.12718751101
139600,158041.45914447785,-18441.45914447785
556581,398184.81107818685,158396.18892181315
145000,166857.99784139602,-21857.99784139602
115000,239430.7259509074,-124430.72595090739
84900,108901.86139892362,-24001.86139892362
176485,179270.9785717564,-2785.9785717563936
200141,209271.99269045205,-9130.992690452054
165000,211767.3726711125,-46767.372671112505
144500,131804.3005545826,12695.699445417413
255000,257511.71042018096,-2511.710420180956
180000,203065.5465204096,-23065.54652040961
185850,228873.12733634975,-43023.127336349746
248000,241407.77949544633,6592.220504553668
335000,340167.23623179167,-5167.23623179167
220000,222319.0372640288,-2319.037264028797
213500,199265.5843941588,14234.415605841205
81000,116845.67595813754,-35845.67595813754
90000,93811.00229106031,-3811.0022910603147
110500,109577.56716105716,922.432838942841
154000,178326.6853057814,-24326.6853057814
328000,245634.18941927596,82365.81058072404
178000,190396.13110858374,-12396.131108583737
167900,182455.7214679952,-14555.721467995201
151400,209989.7532399547,-58589.753239954705
135000,113577.32098626374,21422.679013736255
135000,117980.40595808881,17019.594041911187
154000,152059.96996187032,1940.0300381296838
91500,146051.33282924295,-54551.33282924295
159500,160297.936275125,-797.9362751249864
194000,199018.6827809037,-5018.682780903706
219500,146561.86057409295,72938.13942590705
170000,156132.53316932864,13867.466830671357
138800,149409.68142743577,-10609.681427435775
155900,173564.80190083914,-17664.801900839142
126000,125527.96465807472,472.0353419252788
145000,181438.95404315158,-36438.95404315158
133000,112217.18036777,20782.819632230006
192000,200873.05213076822,-8873.052130768221
160000,148361.4968403845,11638.503159615502
187500,181959.05418004844,5540.945819951565
147000,138727.2973698519,8272.702630148095
83500,76042.25743098004,7457.74256901996
252000,260311.0736708736,-8311.073670873593
137500,164201.18286094602,-26701.18286094602
197000,169878.9564715228,27121.043528477196
92900,59797.62410032147,33102.37589967853
160000,130110.20345739729,29889.796542602708
136500,140615.42331262236,-4115.423312622355
146000,182348.2223172147,-36348.222317214706
129000,142150.76999562324,-13150.769995623239
176432,197869.52660689215,-21437.52660689215
127000,101180.0904412912,25819.909558708794
170000,126126.75951279583,43873.240487204166
128000,90852.8072164582,37147.1927835418
157000,187514.55018840995,-30514.55018840995
60000,53452.0243676885,6547.9756323115
119500,95093.07833778705,24406.921662212946
135000,149916.2447968414,-14916.244796841405
159500,187635.9134439196,-28135.91344391959
106000,128469.99009516815,-22469.99009516815
325000,304617.93167265,20382.068327350018
179900,186936.2867632781,-7036.286763278098
274725,266613.7378796323,8111.262120367726
181000,194191.60438584597,-13191.604385845974
280000,276032.44086748024,3967.55913251976
188000,204932.3476892513,-16932.3476892513
205000,235146.64075820456,-30146.640758204565
129900,102691.39162168726,27208.60837831274
134500,119624.62361060461,14875.376389395387
117000,89641.66053178633,27358.33946821367
318000,328367.0884926835,-10367.088492683484
184100,179616.47399586946,4483.526004130545
130000,118466.12933329439,11533.87066670561
140000,117885.40181496249,22114.59818503751
133700,100553.59202300278,33146.407976997216
118400,113769.26983283294,4630.7301671670575
212900,237949.93973916708,-25049.93973916708
112000,105236.0308660747,6763.969133925304
118000,117694.807711637,305.1922883630032
163900,156619.88188982607,7280.118110173935
115000,151975.343707141,-36975.343707141
174000,229587.15579912774,-55587.15579912774
259000,261629.6795414821,-2629.6795414820954
215000,216626.5833155507,-1626.583315550699
140000,125161.6625092118,14838.337490788195
135000,85814.9529235683,49185.0470764317
93500,99391.07574569214,-5891.075745692142
117500,187288.2677013083,-69788.2677013083
239500,215542.36132457832,23957.63867542168
169000,202331.63647283285,-33331.63647283285
102000,88007.84073939174,13992.159260608256
119000,102827.27692214756,16172.723077852439
94000,111732.46601725342,-17732.46601725342
196000,177462.15122088298,18537.84877911702
144000,107276.24221411136,36723.757785888636
139000,113765.677149898,25234.322850102006
197500,198984.10812856894,-1484.1081285689434
424870,362924.38267469325,61945.61732530675
80000,95104.46235411419,-15104.462354114192
80000,109968.38491502698,-29968.38491502698
149000,148321.6329613055,678.3670386945014
180000,153770.92653229498,26229.07346770502
174500,185327.62969485857,-10827.629694858566
116900,116230.63909049127,669.3609095087304
143000,180233.5653232603,-37233.56532326029
124000,109331.00691366041,14668.993086339586
149900,189793.64443784187,-39893.64443784187
230000,293326.96035246225,-63326.96035246225
120500,126409.51068117585,-5909.510681175845
201800,197815.30037325114,3984.6996267488576
218000,215085.88561015177,2914.114389848226
179900,160764.91532832314,19135.084671676857
230000,219482.39738472685,10517.60261527315
235128,233133.29277967013,1994.707220329874
185000,198848.54829269747,-13848.548292697466
146000,141922.24159911257,4077.7584008874255
224000,237128.34585345024,-13128.345853450242
129000,138604.5811524891,-9604.581152489089
108959,141552.0246040616,-32593.02460406159
194000,164144.04805903003,29855.95194096997
233170,214829.9585311464,18340.041468853597
245350,248413.31721042158,-3063.3172104215773
173000,207629.07788839465,-34629.07788839465
235000,164495.85743795877,70504.14256204123
625000,475720.7364351657,149279.2635648343
171000,60172.79614866164,110827.20385133836
163000,177807.38552984054,-14807.38552984054
171900,141849.46148815367,30050.53851184633
200500,271210.48965421144,-70710.48965421144
239000,211348.70466398867,27651.29533601133
285000,300385.24691685603,-15385.246916856035
119500,129999.90765532096,-10499.90765532096
115000,115898.3564335061,-898.3564335060946
154900,136767.38349377192,18132.616506228078
93000,77276.94121154543,15723.058788454568
250000,237853.81475192466,12146.185248075344
392500,271793.33074032585,120706.66925967415
745000,581370.8345990563,163629.16540094372
120000,119516.59715373082,483.40284626917855
186700,194143.5823236381,-7443.582323638111
104900,100535.3356815449,4364.664318455107
95000,130804.19915081043,-35804.199150810426
262000,253574.07666315645,8425.923336843553
195000,201310.4874515708,-6310.487451570807
189000,186076.8547589654,2923.1452410345955
168000,265026.1095739979,-97026.1095739979
174000,164474.2017550542,9525.798244945792
125000,144282.95098146104,-19282.950981461036
165000,220343.43311396876,-55343.43311396876
158000,125178.73113612259,32821.26886387741
176000,175221.22767657647,778.7723234235309
219210,241438.5659736895,-22228.56597368949
144000,158339.07468704288,-14339.074687042885
178000,168502.08944055805,9497.910559441953
148000,184462.33834551673,-36462.338345516735
116050,93566.54078455536,22483.459215444644
197900,185476.00783067037,12423.992169329635
117000,181776.99511023905,-64776.99511023905
213000,204069.01439622274,8930.985603777255
153500,135467.0679195027,18032.932080497296
271900,274636.5607010037,-2736.5607010037056
107000,121556.79563298308,-14556.795632983078
200000,231565.78759993557,-31565.787599935575
140000,159074.94617125776,-19074.94617125776
290000,277142.84590038797,12857.154099612031
189000,209816.33745638878,-20816.337456388777
164000,217587.51087417928,-53587.51087417928
113000,79989.24700396272,33010.75299603728
145000,168886.98944361246,-23886.98944361246
134500,96677.44167644603,37822.55832355397
125000,91775.05630065501,33224.94369934499
112000,148874.49949449336,-36874.49949449336
229456,194670.72969258655,34785.27030741345
80500,67096.95251552931,13403.047484470691
91500,110022.68641065675,-18522.686410656752
115000,113494.46469030139,1505.5353096986073
134000,123799.2952249632,10200.704775036793
143000,184119.83912748072,-41119.83912748072
137900,108723.09958169483,29176.900418305173
184000,210786.39284736087,-26786.39284736087
145000,133224.5696208464,11775.430379153608
214000,258452.8699947078,-44452.86999470781
147000,145221.63539245736,1778.3646075426368
367294,350278.84240458225,17015.157595417753
127000,100222.0519594695,26777.948040530493
190000,209395.40031524294,-19395.400315242936
132500,148622.71977203822,-16122.719772038225
101800,101510.81746425755,289.1825357424532
142000,140913.22346269907,1086.7765373009315
130000,119509.4403625548,10490.5596374452
138887,142387.44784218536,-3500.4478421853564
175500,190333.6300196701,-14833.63001967009
195000,235498.37688453824,-40498.376884538244
142500,163709.05133180678,-21209.051331806782
265900,269746.27319225133,-3846.273192251334
224900,231211.7694525206,-6311.769452520588
248328,240946.82280161674,7381.177198383259
170000,123997.35875476254,46002.641245237464
465000,303935.1786070973,161064.8213929027
230000,143587.96706836493,86412.03293163507
178000,226706.66583346683,-48706.66583346683
186500,178420.45447016408,8079.545529835916
169900,186363.917730369,-16463.917730368994
129500,152382.50941781173,-22882.50941781173
119000,78900.7483228734,40099.251677126595
244000,259553.69916197183,-15553.699161971832
171750,210402.08597775886,-38652.08597775886
130000,108139.0022878027,21860.997712197306
294000,268749.95999220735,25250.040007792646
165400,197090.44828252384,-31690.448282523837
127500,89260.11943908127,38239.880560918726
301500,293479.91738984734,8020.082610152662
99900,70669.02492746012,29230.975072539877
190000,190948.18133778026,-948.181337780261
151000,138421.59115204198,12578.408847958024
181000,218698.7496013752,-37698.749601375195
128900,108797.70389080487,20102.29610919513
161500,117710.28281486878,43789.717185131216
180500,200909.09994604182,-20409.099946041824
181000,187523.31042105446,-6523.310421054455
183900,188691.73632123732,-4791.736321237317
122000,123946.75974368132,-1946.759743681323
378500,325969.597354256,52530.402645743976
381000,372633.5478358514,8366.45216414862
144000,120072.84643834687,23927.153561653133
260000,203086.00658792764,56913.99341207236
185750,182510.33497807168,3239.6650219283183
137000,125017.90547141888,11982.094528581118
177000,199340.59082459856,-22340.590824598563
139000,171890.1685065544,-32890.168506554386
137000,97585.82153518999,39414.178464810015
162000,150810.36629182423,11189.633708175767
197900,218183.4570201511,-20283.45702015111
237000,236756.98897119076,243.0110288092401
68400,123602.41127287614,-55202.41127287614
227000,214640.73338423556,12359.266615764442
180000,191901.68975542346,-11901.68975542346
150500,147332.9507361591,3167.0492638408905
139000,132169.20670012984,6830.793299870158
169000,169069.7530033118,-69.75300331180915
132500,116754.20663309842,15745.793366901577
143000,180040.52642085537,-37040.52642085537
190000,239355.56938926253,-49355.56938926253
278000,275696.1312056782,2303.868794321781
281000,337840.9667122719,-56840.96671227191
180500,164844.60679945914,15655.393200540857
119500,112968.90351759255,6531.096482407447
107500,108199.51763738653,-699.5176373865252
162900,184128.30354260138,-21228.30354260138
115000,144371.29014867294,-29371.29014867294
138500,107415.85113805358,31084.14886194642
155000,168437.86789561482,-13437.867895614821
140000,169400.49820499268,-29400.498204992677
160000,401651.955946368,-241651.955946368
154000,127013.1983873414,26986.8016126586
225000,247741.19937669754,-22741.199376697536
177500,158021.4586880966,19478.54131190339
290000,290041.02838618384,-41.02838618383976
232000,229559.01060049434,2440.9893995056627
130000,168169.18286094602,-38169.18286094602
325000,326448.6342518746,-1448.6342518745805
202500,209308.6605102418,-6808.660510241811
138000,147817.0890760975,-9817.089076097502
147000,174333.33401288989,-27333.334012889885
179200,155139.21047987026,24060.789520129736
335000,256937.09982417154,78062.90017582846
203000,185159.70422086795,17840.29577913205
302000,317235.2804665817,-15235.280466581695
333168,297304.18742395483,35863.812576045166
119000,95070.43873607254,23929.561263927462
206900,224241.07673023507,-17341.076730235072
295493,327524.2036411933,-32031.20364119328
208900,163101.73448438506,45798.26551561494
275000,264162.28502879513,10837.71497120487
111000,95904.670728673,15095.329271327006
156500,187261.32167488523,-30761.32167488523
72500,26515.148301450332,45984.85169854967
190000,227224.32720318492,-37224.32720318492
82500,89371.25117707957,-6871.251177079568
147000,292362.7055291728,-145362.7055291728
55000,43778.87799524781,11221.122004752193
79000,81259.4306229613,-2259.4306229612994
130500,161153.2694469464,-30653.26944694639
256000,150125.78045382857,105874.21954617143
176500,205880.16647514454,-29380.166475144535
227000,255291.81265529725,-28291.812655297254
132500,136967.69891000574,-4467.69891000574
100000,93496.6554746194,6503.3445253805985
125500,129174.4100766175,-3674.410076617496
125000,112077.24787066344,12922.752129336557
167900,188081.91966305042,-20181.919663050416
135000,159400.42508613155,-24400.425086131552
52500,85654.08374389909,-33154.083743899086
200000,230945.41901060464,-30945.419010604644
128500,115585.32317230351,12914.676827696487
123000,143126.8417014495,-20126.841701449506
155000,151182.47355874896,3817.526441251044
228500,247896.86246746205,-19396.86246746205
177000,186741.4816701317,-9741.481670131703
155835,205594.78510446518,-49759.785104465176
108500,142256.49012706536,-33756.490127065365
262500,300599.90421046864,-38099.90421046864
283463,297188.6848758251,-13725.684875825129
215000,229135.99372146867,-14135.993721468665
122000,51158.27732635743,70841.72267364257
200000,233419.68870281678,-33419.688702816784
171000,189568.41079414362,-18568.410794143623
134900,164224.7612925152,-29324.761292515206
410000,403188.38615578745,6811.613844212552
235000,241673.0067249979,-6673.006724997889
170000,198093.2783645838,-28093.27836458379
110000,86910.95402566208,23089.045974337918
149900,194875.60687411524,-44975.60687411524
177500,175594.7669595067,1905.2330404933018
315000,339435.06461101794,-24435.064611017937
189000,213377.0957458779,-24377.095745877887
260000,249758.9730254257,10241.026974574313
104900,157595.33295741523,-52695.33295741523
156932,167226.86005440983,-10294.86005440983
144152,109657.97299856607,34494.02700143393
216000,201148.20645491517,14851.79354508483
193000,223362.5344639283,-30362.534463928314
127000,128065.04157065447,-1065.0415706544736
144000,176865.30506730283,-32865.305067302834
232000,257938.48295209758,-25938.482952097576
105000,111702.12448359028,-6702.124483590276
165500,169357.5321516198,-3857.5321516197873
274300,229251.5698169884,45048.4301830116
466500,386963.519438906,79536.48056109401
250000,254918.8525394571,-4918.85253945709
239000,247330.94706715044,-8330.947067150439
91000,41801.80757448121,49198.19242551879
117000,89339.46389696549,27660.53610303451
83000,67627.54904361838,15372.450956381625
167500,155077.37958226958,12422.620417730417
58500,37641.52704225075,20858.472957749247
237500,210426.8220013507,27073.177998649306
157000,190369.51432744702,-33369.51432744702
112000,196370.19991950694,-84370.19991950694
105000,129128.81032362624,-24128.81032362624
125500,113545.77615762848,11954.223842371517
250000,276661.4758845277,-26661.475884527725
136000,158228.5277391679,-22228.527739167912
377500,302521.00221512263,74978.99778487737
131000,135916.53570647503,-4916.535706475028
235000,210746.83464683886,24253.165353161137
124000,79000.68788885779,44999.31211114221
123000,138988.48613723973,-15988.486137239728
163000,170835.5083634919,-7835.508363491914
246578,238213.91182115077,8364.088178849226
281213,282967.984701232,-1754.9847012319951
160000,229682.38305317753,-69682.38305317753
137500,154295.06229308184,-16795.062293081835
138000,184567.83184117547,-46567.83184117547
137450,120435.48479134965,17014.51520865035
120000,93529.85308236734,26470.146917632665
193000,218782.1234504475,-25782.123450447514
193879,195645.0660372866,-1766.0660372865968
282922,229948.13192731512,52973.86807268488
105000,124730.36016227634,-19730.360162276338
275000,286811.0391679543,-11811.039167954295
133000,145865.92587736095,-12865.925877360947
112000,121141.9146471128,-9141.914647112804
125500,144753.4377495843,-19253.437749584293
215000,246301.5789974766,-31301.57899747661
230000,215089.57002901845,14910.429970981553
140000,117527.25583995073,22472.744160049275
90000,58998.0222438628,31001.977756137203
257000,275827.79507837014,-18827.795078370138
207000,184021.36273258633,22978.637267413666
175900,245774.00542298442,-69874.00542298442
122500,190330.79628523582,-67830.79628523582
340000,326049.1832230291,13950.816776970925
124000,110363.19789284462,13636.802107155381
223000,236105.1787406661,-13105.178740666102
179900,179116.0959654116,783.9040345883986
127500,143571.08080232685,-16071.080802326847
136500,167426.50647077948,-30926.50647077948
274970,115157.97934891557,159812.02065108443
144000,159358.0699448845,-15358.069944884512
142000,159484.47554068727,-17484.475540687272
271000,232497.1786790733,38502.82132092671
140000,107453.13620347594,32546.863796524063
119000,111203.02891434229,7796.971085657715
182900,200796.59869717405,-17896.59869717405
192140,227641.01623812682,-35501.01623812682
143750,102240.96326420107,41509.03673579893
64500,80521.39928574696,-16021.399285746957
186500,240863.37215793983,-54363.372157939826
160000,200676.12413395866,-40676.124133958656
174000,210592.882529921,-36592.882529920986
120500,108512.0520511425,11987.947948857502
394617,355041.32635137305,39575.67364862695
149700,188966.50576118226,-39266.505761182256
197000,207472.9949739409,-10472.994973940891
191000,255963.46301357134,-64963.46301357134
149300,164844.58891046472,-15544.588910464721
310000,349390.9471372584,-39390.94713725842
121000,108972.59506725165,12027.404932748352
179600,198599.46485932407,-18999.46485932407
129000,113638.54013148887,15361.459868511127
157900,169937.38321056584,-12037.383210565837
240000,258821.40292834176,-18821.402928341762
112000,108592.0448085668,3407.955191433197
92000,99041.09129980717,-7041.091299807173
136000,94879.00495703422,41120.99504296578
287090,285627.635763479,1462.3642365210108
145000,161643.59308921307,-16643.59308921307
84500,151024.29985221586,-66524.29985221586
185000,169598.52738907572,15401.472610924277
175000,187749.71095661295,-12749.710956612951
210000,226769.6557248559,-16769.655724855897
266500,206267.51384106016,60232.486158939835
142125,152220.060836605,-10095.060836605
147500,126113.70154884957,21386.298451150433
